item,jurisdiction,change_trigger,effective_expected,required_action,official_url
Australia AICIS categorisation guidelines,Australia,Finalised September 2026 guideline changes become effective after the snapshot date.,September 2026,"Use the September 2025 edition until the effective date, then recheck the AICIS portal.",https://www.industrialchemicals.gov.au/news-and-notices/changes-categorisation-guidelines-september-2026
China new chemical registration measures,China,A 2026 revision process has been notified/reported; legal status and effective date must be checked against final MEE publication.,2026 - status uncertain at snapshot,Do not rely on draft or trade-notification summaries for a filing; verify final Chinese MEE text.,https://www.mee.gov.cn/
UN GHS national adoption,Global,"GHS Rev.11 is the current UN edition, but national systems may still implement Rev.7-10 or selected building blocks.",Varies by jurisdiction,Check the jurisdiction-specific CLP/GHS law and transition period.,https://unece.org/about-ghs
EU REACH / CLP guidance revisions,European Union / EEA,"ECHA guidance chapters and CLP guidance are modular and revised at different times, including for new hazard classes and nanoforms.",Ongoing,Check the version/date printed on each downloaded ECHA chapter.,https://echa.europa.eu/guidance-documents
UK REACH policy changes,United Kingdom (GB),Transitional registration and data-model policy may change through legislation and HSE/Defra notices.,Ongoing,Check HSE UK REACH news and the governing statutory instrument before a submission.,https://www.hse.gov.uk/reach/
EAEU TR 041 implementation,EAEU,Implementation has experienced delays and depends on supporting acts and member-state readiness.,Uncertain / member-state dependent,Verify with the competent authority in the target EAEU state before market access.,https://eec.eaeunion.org/en/comission/department/deptexreg/tr/
K-REACH amendments and thresholds,South Korea,"Registration thresholds, exemptions and implementation rules are periodically amended.",Ongoing,"Use the Korean K-REACH portal and current legal text, not an older English summary.",https://kreach.me.go.kr/repwrt/index.do
Emerging Latin American inventories,Colombia / Chile / others,Industrial-chemical inventories and notification cycles are being implemented or expanded.,Country-specific,"Check current inventory window, thresholds and local representative requirements.",https://quimicos.minambiente.gov.co/
OECD Test Guideline updates,Global,"OECD publishes new and updated Test Guidelines, commonly in annual batches.",Latest batch 2 July 2026,Confirm the current TG number/version and whether the receiving regulator accepts it for the endpoint.,https://www.oecd.org/en/topics/sub-issues/testing-of-chemicals/test-guidelines.html
