framework_id,framework,verification_tier,source_review_status,official_url,next_action
INT-001,"Globally Harmonized System of Classification and Labelling of Chemicals (GHS), Rev.11",A,implementation_note_curated_source_deep_read_pending,https://unece.org/transport/dangerous-goods/ghs-rev11-2025,Complete source-level deep reading and record detailed requirements
INT-002,OECD Guidelines for the Testing of Chemicals,A,official_source_reviewed,https://www.oecd.org/en/topics/sub-issues/testing-of-chemicals/test-guidelines.html,Encode and validate ruleset
INT-003,OECD Series on Testing and Assessment / Guidance Documents,A,implementation_note_curated_source_deep_read_pending,https://www.oecd.org/en/topics/sub-issues/testing-of-chemicals/publications-on-testing-and-assessment-of-chemicals.html,Complete source-level deep reading and record detailed requirements
INT-004,Mutual Acceptance of Data (MAD) and OECD Principles of GLP,A,implementation_note_curated_source_deep_read_pending,https://www.oecd.org/en/topics/sub-issues/good-laboratory-practice-and-compliance-monitoring.html,Complete source-level deep reading and record detailed requirements
INT-005,eChemPortal,A,implementation_note_curated_source_deep_read_pending,https://www.echemportal.org/echemportal/,Complete source-level deep reading and record detailed requirements
INT-006,OECD QSAR Toolbox,A,implementation_note_curated_source_deep_read_pending,https://qsartoolbox.org/,Complete source-level deep reading and record detailed requirements
INT-007,"WHO Human Health Risk Assessment Toolkit: Chemical Hazards, 2nd edition",A,official_source_reviewed,https://www.who.int/publications/i/item/9789240035720,Encode and validate ruleset
INT-008,EHC 240: Principles and Methods for the Risk Assessment of Chemicals in Food,A,official_source_registered_source_deep_read_pending,https://www.who.int/publications/i/item/9789241572408,Complete source-level deep reading and record detailed requirements
INT-009,IPCS Harmonization Project guidance and terminology,A,official_source_registered_source_deep_read_pending,https://www.who.int/teams/environment-climate-change-and-health/chemical-safety-and-health/health-impacts/chemical-risk-assessment,Complete source-level deep reading and record detailed requirements
INT-010,IARC Monographs and Preamble,A,official_source_registered_source_deep_read_pending,https://monographs.iarc.who.int/iarc-monographs-preamble-preamble-to-the-iarc-monographs/,Complete source-level deep reading and record detailed requirements
INT-011,FAO Pesticide Registration Toolkit,A,official_source_reviewed,https://www.fao.org/pesticide-registration-toolkit/en/,Encode and validate ruleset
INT-012,"JMPR guidance, reports and evaluations",A,official_source_registered_source_deep_read_pending,https://www.fao.org/agriculture/crops/thematic-sitemap/theme/pests/jmpr/en/,Complete source-level deep reading and record detailed requirements
INT-013,"JECFA methods, reports and database",A,official_source_registered_source_deep_read_pending,https://www.who.int/groups/joint-fao-who-expert-committee-on-food-additives-(jecfa),Complete source-level deep reading and record detailed requirements
INT-014,Codex Procedural Manual and risk-analysis principles,A,official_source_registered_source_deep_read_pending,https://www.fao.org/fao-who-codexalimentarius/publications/en/,Complete source-level deep reading and record detailed requirements
INT-015,Guidelines for Drinking-water Quality,A,official_source_registered_source_deep_read_pending,https://www.who.int/publications/i/item/9789241549950,Complete source-level deep reading and record detailed requirements
INT-016,WHO Global Air Quality Guidelines,A,official_source_registered_source_deep_read_pending,https://www.who.int/publications/i/item/9789240034228,Complete source-level deep reading and record detailed requirements
INT-017,IOMC Toolbox for Decision Making in Chemicals Management,A,official_source_registered_source_deep_read_pending,https://iomctoolbox.org/,Complete source-level deep reading and record detailed requirements
INT-018,Global Framework on Chemicals - For a Planet Free of Harm from Chemicals and Waste,A,official_source_registered_source_deep_read_pending,https://www.chemicalsframework.org/,Complete source-level deep reading and record detailed requirements
INT-019,Convention guidance and POPs review/evaluation documents,A,official_source_registered_source_deep_read_pending,https://www.pops.int/,Complete source-level deep reading and record detailed requirements
INT-020,Decision guidance documents and prior informed consent procedure,A,official_source_registered_source_deep_read_pending,https://www.pic.int/,Complete source-level deep reading and record detailed requirements
INT-021,Technical guidelines under the Basel Convention,A,official_source_registered_source_deep_read_pending,https://www.basel.int/Implementation/TechnicalMatters/DevelopmentofTechnicalGuidelines/Overview/tabid/2374/Default.aspx,Complete source-level deep reading and record detailed requirements
INT-022,Minamata Convention guidance documents,A,official_source_registered_source_deep_read_pending,https://minamataconvention.org/en/resources/guidance-documents,Complete source-level deep reading and record detailed requirements
INT-023,VICH GL6: Environmental Impact Assessment Phase I,A,implementation_note_curated_source_deep_read_pending,https://vichsec.org/en/guidelines/pharmaceuticals/pharma-safety/environmental-safety/gl6.html,Complete source-level deep reading and record detailed requirements
INT-024,VICH GL38: Environmental Impact Assessment Phase II,A,implementation_note_curated_source_deep_read_pending,https://vichsec.org/en/guidelines/pharmaceuticals/pharma-safety/environmental-safety/gl38.html,Complete source-level deep reading and record detailed requirements
INT-025,ICH Q9(R1) Quality Risk Management,A,official_source_registered_source_deep_read_pending,https://www.ich.org/page/quality-guidelines,Complete source-level deep reading and record detailed requirements
INT-026,ICH Q3C: Residual Solvents,A,official_source_registered_source_deep_read_pending,https://www.ich.org/page/quality-guidelines,Complete source-level deep reading and record detailed requirements
INT-027,ICH Q3D: Elemental Impurities,A,official_source_registered_source_deep_read_pending,https://www.ich.org/page/quality-guidelines,Complete source-level deep reading and record detailed requirements
INT-028,ISO 31000 Risk management - Guidelines,A,official_source_registered_source_deep_read_pending,https://www.iso.org/iso-31000-risk-management.html,Complete source-level deep reading and record detailed requirements
INT-029,ISO 14971:2019 Medical devices - Application of risk management to medical devices,A,official_source_registered_source_deep_read_pending,https://www.iso.org/standard/72704.html,Complete source-level deep reading and record detailed requirements
INT-030,ISO 10993-17:2023 Biological evaluation of medical devices - Toxicological risk assessment of medical device constituents,A,official_source_registered_source_deep_read_pending,https://www.iso.org/standard/75323.html,Complete source-level deep reading and record detailed requirements
INT-031,International Chemical Safety Cards (ICSCs),A,official_source_registered_source_deep_read_pending,https://chemicalsafety.ilo.org/dyn/icsc/showcard.home,Complete source-level deep reading and record detailed requirements
INT-032,UNEP Chemicals and Pollution Action portal,A,official_source_registered_source_deep_read_pending,https://www.unep.org/explore-topics/chemicals-waste,Complete source-level deep reading and record detailed requirements
EUR-001,REACH Guidance Documents,A,implementation_note_curated_source_deep_read_pending,https://echa.europa.eu/guidance-documents/guidance-on-reach,Complete source-level deep reading and record detailed requirements
EUR-002,Guidance on Information Requirements and Chemical Safety Assessment (IR&CSA),A,implementation_note_curated_source_deep_read_pending,https://echa.europa.eu/guidance-documents/guidance-on-information-requirements-and-chemical-safety-assessment,Complete source-level deep reading and record detailed requirements
EUR-003,Guidance on the Application of the CLP Criteria,A,implementation_note_curated_source_deep_read_pending,https://echa.europa.eu/guidance-documents/guidance-on-clp,Complete source-level deep reading and record detailed requirements
EUR-004,Guidance on the Biocidal Products Regulation,A,implementation_note_curated_source_deep_read_pending,https://echa.europa.eu/guidance-documents/guidance-on-biocides-legislation,Complete source-level deep reading and record detailed requirements
EUR-005,Environmental risk assessment of pesticides,A,implementation_note_curated_source_deep_read_pending,https://www.efsa.europa.eu/en/topics/environmental-risk-assessment-pesticides,Complete source-level deep reading and record detailed requirements
EUR-006,FOCUS fate models and guidance,A,implementation_note_curated_source_deep_read_pending,https://esdac.jrc.ec.europa.eu/projects/focus-dg-sante,Complete source-level deep reading and record detailed requirements
EUR-007,"FOCUS Groundwater guidance and models (PEARL, PELMO, MACRO)",A,implementation_note_curated_source_deep_read_pending,https://esdac.jrc.ec.europa.eu/projects/ground-water,Complete source-level deep reading and record detailed requirements
EUR-008,"FOCUS Surface Water guidance and models (PRZM, MACRO, TOXSWA, SWASH)",A,implementation_note_curated_source_deep_read_pending,https://esdac.jrc.ec.europa.eu/projects/surface-water,Complete source-level deep reading and record detailed requirements
EUR-009,Pesticide risk-assessment guidance and tools,A,official_source_registered_source_deep_read_pending,https://www.efsa.europa.eu/en/applications/pesticides/tools,Complete source-level deep reading and record detailed requirements
EUR-010,"Guidance on harmonised methodologies for human health, animal health and ecological risk assessment of combined exposure to multiple chemicals",A,official_source_registered_source_deep_read_pending,https://www.efsa.europa.eu/en/topics/topic/chemical-mixtures,Complete source-level deep reading and record detailed requirements
EUR-011,EFSA chemicals-in-food methodology and OpenFoodTox,A,official_source_registered_source_deep_read_pending,https://www.efsa.europa.eu/en/topics/topic/chemicals-food,Complete source-level deep reading and record detailed requirements
EUR-012,Food Contact Materials guidance and application procedures,A,official_source_registered_source_deep_read_pending,https://www.efsa.europa.eu/en/topics/topic/food-contact-materials,Complete source-level deep reading and record detailed requirements
EUR-013,Guideline on the environmental risk assessment of medicinal products for human use,A,official_source_reviewed,https://www.ema.europa.eu/en/environmental-risk-assessment-medicinal-products-human-use-scientific-guideline,Encode and validate ruleset
EUR-014,Environmental risk assessment for veterinary medicines,A,official_source_registered_source_deep_read_pending,https://www.ema.europa.eu/en/veterinary-regulatory-overview/marketing-authorisation-veterinary-medicines/environmental-risk-assessment-veterinary-medicines,Complete source-level deep reading and record detailed requirements
EUR-015,"SCCS Notes of Guidance for testing cosmetic ingredients and safety evaluation, 12th revision",A,official_source_registered_source_deep_read_pending,https://health.ec.europa.eu/publications/sccs-notes-guidance-testing-cosmetic-ingredients-and-their-safety-evaluation-12th-revision_en,Complete source-level deep reading and record detailed requirements
EUR-016,Dangerous substances risk-assessment tools and OSH framework,A,official_source_registered_source_deep_read_pending,https://osha.europa.eu/en/themes/dangerous-substances,Complete source-level deep reading and record detailed requirements
EUR-017,UK REACH guidance and evaluation approach,A,official_source_reviewed,https://www.hse.gov.uk/reach/,Encode and validate ruleset
EUR-018,GB Biocidal Products Regulation guidance,A,official_source_registered_source_deep_read_pending,https://www.hse.gov.uk/biocides/applications/index.htm,Complete source-level deep reading and record detailed requirements
EUR-019,Pesticide registration and risk-assessment guidance,A,official_source_registered_source_deep_read_pending,https://www.hse.gov.uk/pesticides/,Complete source-level deep reading and record detailed requirements
EUR-020,COSHH risk assessment guidance,A,official_source_reviewed,https://www.hse.gov.uk/coshh/basics/assessment.htm,Encode and validate ruleset
EUR-021,Chemicals Ordinance (ChemO) guidance and notification authority portal,A,official_source_reviewed,https://www.anmeldestelle.admin.ch/en/chemicals-ordinance-chemo,Encode and validate ruleset
EUR-022,KKDIK (Türkiye REACH) legislation and implementation guidance,B,official_framework_registered_local_detail_required,https://kimyasallar.csb.gov.tr/,Obtain current local-language/legal confirmation
EUR-023,EAEU Technical Regulation 041/2017 on safety of chemical products,B,official_framework_registered_local_detail_required,https://eec.eaeunion.org/en/comission/department/deptexreg/tr/,Obtain current local-language/legal confirmation
EUR-024,Ukraine chemicals safety technical regulation / REACH-aligned reforms,B,official_framework_registered_local_detail_required,https://mepr.gov.ua/en/,Obtain current local-language/legal confirmation
NAM-001,EPA Risk Assessment Guidance portal,A,implementation_note_curated_source_deep_read_pending,https://www.epa.gov/risk/risk-assessment-guidance,Complete source-level deep reading and record detailed requirements
NAM-002,TSCA Risk Evaluations for Existing Chemicals,A,implementation_note_curated_source_deep_read_pending,https://www.epa.gov/assessing-and-managing-chemicals-under-tsca/risk-evaluations-existing-chemicals-under-tsca,Complete source-level deep reading and record detailed requirements
NAM-003,Guidance for Human Health Risk Assessments for Pesticides,A,official_source_registered_source_deep_read_pending,https://www.epa.gov/pesticide-science-and-assessing-pesticide-risks/guidance-human-health-risk-assessments-pesticides,Complete source-level deep reading and record detailed requirements
NAM-004,Technical Overview of Ecological Risk Assessment for the Pesticide Program,A,implementation_note_curated_source_deep_read_pending,https://www.epa.gov/pesticide-science-and-assessing-pesticide-risks/technical-overview-ecological-risk-assessment,Complete source-level deep reading and record detailed requirements
NAM-005,Models and databases used in pesticide risk assessment,A,official_source_reviewed,https://www.epa.gov/pesticide-science-and-assessing-pesticide-risks/models-and-databases-used-pesticide-risk-assessment,Encode and validate ruleset
NAM-006,OCSPP Harmonized Test Guidelines,A,implementation_note_curated_source_deep_read_pending,https://www.epa.gov/test-guidelines-pesticides-and-toxic-substances,Complete source-level deep reading and record detailed requirements
NAM-007,Risk Assessment Guidance for Superfund (RAGS),A,official_source_registered_source_deep_read_pending,https://www.epa.gov/risk/risk-assessment-guidance-superfund-rags,Complete source-level deep reading and record detailed requirements
NAM-008,Food Ingredients and Packaging guidance / premarket submissions,A,official_source_registered_source_deep_read_pending,https://www.fda.gov/food/food-ingredients-packaging,Complete source-level deep reading and record detailed requirements
NAM-009,Environmental assessment under NEPA,A,official_source_reviewed,https://www.fda.gov/regulatory-information/search-fda-guidance-documents/environmental-assessment-human-drug-and-biologics-applications,Encode and validate ruleset
NAM-010,"Chemical hazards, permissible exposure limits and NIOSH risk resources",A,official_source_registered_source_deep_read_pending,https://www.osha.gov/chemical-hazards,Complete source-level deep reading and record detailed requirements
NAM-011,Toxicological Profiles and Minimal Risk Levels,A,official_source_registered_source_deep_read_pending,https://www.atsdr.cdc.gov/toxprofiledocs/index.html,Complete source-level deep reading and record detailed requirements
NAM-012,Risk assessment of chemical substances under CEPA,A,implementation_note_curated_source_deep_read_pending,https://www.canada.ca/en/health-canada/services/chemical-substances/canada-approach-chemicals/risk-assessment.html,Complete source-level deep reading and record detailed requirements
NAM-013,Guidance document for the New Substances Notification Regulations (Chemicals and Polymers),A,implementation_note_curated_source_deep_read_pending,https://www.canada.ca/en/environment-climate-change/services/managing-pollution/evaluating-new-substances/chemicals-polymers/guidance.html,Complete source-level deep reading and record detailed requirements
NAM-014,Framework for risk assessment and risk management of pest control products,A,implementation_note_curated_source_deep_read_pending,https://www.canada.ca/en/health-canada/services/consumer-product-safety/reports-publications/pesticides-pest-management/policies-guidelines/risk-management-pest-control-products.html,Complete source-level deep reading and record detailed requirements
NAM-015,Health Canada approach to environmental risk assessment for pest control products,A,implementation_note_curated_source_deep_read_pending,https://www.canada.ca/en/health-canada/services/consumer-product-safety/reports-publications/pesticides-pest-management/policies-guidelines/approach-environmental-risk-assessment.html,Complete source-level deep reading and record detailed requirements
NAM-016,PMRA policies and guidelines portal,A,official_source_reviewed,https://www.canada.ca/en/health-canada/services/consumer-product-safety/reports-publications/pesticides-pest-management/policies-guidelines.html,Encode and validate ruleset
NAM-017,WHMIS and workplace chemical risk resources,B,official_framework_registered_local_detail_required,https://www.canada.ca/en/health-canada/services/environmental-workplace-health/occupational-health-safety/workplace-hazardous-materials-information-system.html,Obtain current local-language/legal confirmation
OCE-001,Guide to categorising chemical importation and manufacture,A,implementation_note_curated_source_deep_read_pending,https://www.industrialchemicals.gov.au/help-and-guides/guide-categorising-your-chemical-importation-and-manufacture,Complete source-level deep reading and record detailed requirements
OCE-002,Industrial Chemicals Categorisation Guidelines,A,implementation_note_curated_source_deep_read_pending,https://www.industrialchemicals.gov.au/help-and-guides/industrial-chemicals-categorisation-guidelines,Complete source-level deep reading and record detailed requirements
OCE-003,Risk assessment manuals portal,A,implementation_note_curated_source_deep_read_pending,https://www.apvma.gov.au/registrations-and-permits/data-guidelines/risk-assessment-manuals,Complete source-level deep reading and record detailed requirements
OCE-004,Risk Assessment Manual - Environment,A,official_source_reviewed,https://www.apvma.gov.au/registrations-and-permits/data-guidelines/risk-assessment-manuals/environment,Encode and validate ruleset
OCE-005,Model WHS laws and hazardous chemicals guidance,A,official_source_registered_source_deep_read_pending,https://www.safeworkaustralia.gov.au/safety-topic/hazards/chemicals,Complete source-level deep reading and record detailed requirements
OCE-006,National Environment Protection (Assessment of Site Contamination) Measure,A,official_source_registered_source_deep_read_pending,https://www.nepc.gov.au/nepms/assessment-site-contamination,Complete source-level deep reading and record detailed requirements
OCE-007,Risk Assessment Methodology for Hazardous Substances,A,implementation_note_curated_source_deep_read_pending,https://www.epa.govt.nz/assets/Uploads/Documents/Hazardous-Substances/Guidance/Risk-Assessment-Methodology-for-Hazardous-Substances.pdf,Complete source-level deep reading and record detailed requirements
OCE-008,Hazardous substances approvals and guidance,A,implementation_note_curated_source_deep_read_pending,https://www.epa.govt.nz/industry-areas/hazardous-substances/,Complete source-level deep reading and record detailed requirements
OCE-009,ACVM risk assessment and registration guidance,A,official_source_registered_source_deep_read_pending,https://www.mpi.govt.nz/agriculture/agricultural-compounds-vet-medicines/,Complete source-level deep reading and record detailed requirements
ASI-001,Chemical Substances Control Law (CSCL) assessment system,A,implementation_note_curated_source_deep_read_pending,https://www.nite.go.jp/en/chem/aboutcmc.html,Complete source-level deep reading and record detailed requirements
ASI-002,NITE-CHRIP chemical risk information platform,A,implementation_note_curated_source_deep_read_pending,https://www.nite.go.jp/en/chem/chrip/chrip_search/systemTop,Complete source-level deep reading and record detailed requirements
ASI-003,Risk assessment guidelines and evaluation documents,B,official_framework_registered_local_detail_required,https://www.fsc.go.jp/english/,Obtain current local-language/legal confirmation
ASI-004,Measures for the Environmental Management Registration of New Chemical Substances (MEE Order No.12) and supporting guidance,B,implementation_note_curated_source_deep_read_pending,https://www.mee.gov.cn/ywgz/fgbz/bz/bzwb/gthw/qtxgbz/,Complete source-level deep reading and record detailed requirements
ASI-005,National food-safety standards and new food ingredient/additive assessment,B,official_framework_registered_local_detail_required,https://www.nhc.gov.cn/wjw/zcjd/list.shtml,Obtain current local-language/legal confirmation
ASI-006,K-REACH registration and risk assessment system,B,implementation_note_curated_source_deep_read_pending,https://kreach.me.go.kr/repwrt/index.do,Complete source-level deep reading and record detailed requirements
ASI-007,Published chemical risk-assessment reports under K-REACH,B,official_framework_registered_local_detail_required,https://ecolibrary.me.go.kr/nier/,Obtain current local-language/legal confirmation
ASI-008,Toxic and Concerned Chemical Substances Control Act and new/existing chemical registration,B,official_framework_registered_local_detail_required,https://www.cha.gov.tw/mp-1.html,Obtain current local-language/legal confirmation
ASI-009,Priority Management Chemicals / new chemical registration under occupational law,B,official_framework_registered_local_detail_required,https://www.osha.gov.tw/48110/48417/48419/,Obtain current local-language/legal confirmation
ASI-010,Guidelines for registration of pesticides,A,official_source_registered_source_deep_read_pending,https://ppqs.gov.in/divisions/cib-rc/guidelines,Complete source-level deep reading and record detailed requirements
ASI-011,"Manufacture, Storage and Import of Hazardous Chemical Rules and chemical accident guidance",B,official_framework_registered_local_detail_required,https://moef.gov.in/,Obtain current local-language/legal confirmation
ASI-012,Management of Hazardous Substances under EPMA,A,official_source_registered_source_deep_read_pending,https://www.nea.gov.sg/our-services/pollution-control/chemical-safety/hazardous-substances/management-of-hazardous-substances,Complete source-level deep reading and record detailed requirements
ASI-013,Sector-specific safety and product-registration guidance,B,official_framework_registered_local_detail_required,https://www.sfa.gov.sg/food-information/risk-at-a-glance/chemical-hazards,Obtain current local-language/legal confirmation
ASI-014,A Manual of Recommended Practice on Assessment of the Health Risks Arising from the Use of Chemicals Hazardous to Health at the Workplace (SiRAC),A,official_source_registered_source_deep_read_pending,https://www.dosh.gov.my/index.php/chemical-management-v/chemical-health-risk-assessment-chra,Complete source-level deep reading and record detailed requirements
ASI-015,Industry Code of Practice on Chemicals Classification and Hazard Communication (CLASS ICOP),A,official_source_registered_source_deep_read_pending,https://www.dosh.gov.my/index.php/chemical-management-v/classification-record,Complete source-level deep reading and record detailed requirements
ASI-016,Hazardous Substance Act implementation and sectoral registration guidance,B,official_framework_registered_local_detail_required,https://www.diw.go.th/webdiw/en/,Obtain current local-language/legal confirmation
ASI-017,"Sectoral hazardous chemicals, pesticides and food/drug safety requirements",C,international_or_sector_pathway_local_verification_required,https://www.menlhk.go.id/,Obtain current local-language/legal confirmation
ASI-018,Philippine Inventory of Chemicals and Chemical Substances / Chemical Control Orders,B,official_framework_registered_local_detail_required,https://chemical.emb.gov.ph/,Obtain current local-language/legal confirmation
ASI-019,Law on Chemicals and implementing guidance,B,official_framework_registered_local_detail_required,https://vinachemia.gov.vn/en/,Obtain current local-language/legal confirmation
ASI-020,Agricultural pesticide registration and sectoral environmental controls,C,international_or_sector_pathway_local_verification_required,https://plantprotection.gov.pk/,Obtain current local-language/legal confirmation
ASI-021,Pesticide registration and environmental-clearance requirements,C,international_or_sector_pathway_local_verification_required,https://dae.gov.bd/,Obtain current local-language/legal confirmation
ASI-022,Pesticide registration guidance and national environmental controls,C,international_or_sector_pathway_local_verification_required,https://rop.gov.lk/,Obtain current local-language/legal confirmation
LAT-001,Tripartite pesticide risk-assessment and registration system,A,implementation_note_curated_source_deep_read_pending,https://www.gov.br/anvisa/en/regulation-of-products/pesticides,Complete source-level deep reading and record detailed requirements
LAT-002,Environmental evaluation and classification of pesticides,B,implementation_note_curated_source_deep_read_pending,https://www.gov.br/ibama/pt-br/assuntos/quimicos-e-biologicos/agrotoxicos,Complete source-level deep reading and record detailed requirements
LAT-003,ANVISA toxicological evaluation and sectoral product guidance,B,official_framework_registered_local_detail_required,https://www.gov.br/anvisa/pt-br/assuntos/regulamentacao,Obtain current local-language/legal confirmation
LAT-004,Joint pesticide registration and sectoral chemical controls,B,implementation_note_curated_source_deep_read_pending,https://www.gob.mx/cofepris/acciones-y-programas/plaguicidas,Complete source-level deep reading and record detailed requirements
LAT-005,"Environmental risk, hazardous materials and contaminated-site rules",B,implementation_note_curated_source_deep_read_pending,https://www.gob.mx/semarnat/acciones-y-programas/materiales-y-actividades-riesgosas,Complete source-level deep reading and record detailed requirements
LAT-006,National chemicals-management and industrial-chemical inventory framework,B,official_framework_registered_local_detail_required,https://quimicos.minambiente.gov.co/,Obtain current local-language/legal confirmation
LAT-007,Chemical substances notification and inventory system,B,official_framework_registered_local_detail_required,https://sqi.mma.gob.cl/,Obtain current local-language/legal confirmation
LAT-008,Sectoral chemical risk-assessment and registration requirements,C,international_or_sector_pathway_local_verification_required,https://www.argentina.gob.ar/senasa/programas-sanitarios/productos-veterinarios-fitosanitarios-y-fertilizantes,Obtain current local-language/legal confirmation
LAT-009,Andean pesticide registration and national sectoral chemical controls,B,official_framework_registered_local_detail_required,https://www.gob.pe/senasa,Obtain current local-language/legal confirmation
LAT-010,Andean Manual for Registration and Control of Chemical Pesticides for Agricultural Use,B,official_framework_registered_local_detail_required,https://www.comunidadandina.org/temas/dg1/sanidad-agropecuaria/,Obtain current local-language/legal confirmation
LAT-011,Pesticide registration and sectoral chemical controls,C,international_or_sector_pathway_local_verification_required,https://www.sfe.go.cr/,Obtain current local-language/legal confirmation
AFR-001,Chemicals Management in the Environment sector portal,A,official_source_registered_source_deep_read_pending,https://www.dffe.gov.za/chemicals-management-environment-sector,Complete source-level deep reading and record detailed requirements
AFR-002,"Hazardous Chemical Agents Regulations, 2021",A,official_source_registered_source_deep_read_pending,https://www.gov.za/documents/regulations/hazardous-chemical-agents-regulations-2021-29-mar-2021-0000,Complete source-level deep reading and record detailed requirements
AFR-003,Agricultural remedies registration and risk requirements,B,official_framework_registered_local_detail_required,https://www.nda.gov.za/,Obtain current local-language/legal confirmation
AFR-004,Sectoral chemical registration and environmental standards,C,international_or_sector_pathway_local_verification_required,https://www.nafdac.gov.ng/,Obtain current local-language/legal confirmation
AFR-005,Pest control product registration and environmental assessment,B,official_framework_registered_local_detail_required,https://www.pcpb.go.ke/,Obtain current local-language/legal confirmation
AFR-006,Pesticide registration and chemicals-management requirements,B,official_framework_registered_local_detail_required,https://www.epa.gov.gh/,Obtain current local-language/legal confirmation
AFR-007,Pesticide authorisation and sectoral chemical controls,C,international_or_sector_pathway_local_verification_required,https://www.onssa.gov.ma/,Obtain current local-language/legal confirmation
AFR-008,Pesticide registration and environmental controls,C,international_or_sector_pathway_local_verification_required,https://www.apc.gov.eg/,Obtain current local-language/legal confirmation
AFR-009,Common pesticide registration system for CILSS member states,B,official_framework_registered_local_detail_required,https://insah.cilss.int/index.php/csp/,Obtain current local-language/legal confirmation
AFR-010,Regional harmonised pesticide registration,B,official_framework_registered_local_detail_required,https://www.cpac-cemac.org/,Obtain current local-language/legal confirmation
MEA-001,Sector-specific registration and safety-assessment guidance,B,official_framework_registered_local_detail_required,https://www.sfda.gov.sa/en,Obtain current local-language/legal confirmation
MEA-002,Pesticide registration and hazardous-material controls,B,official_framework_registered_local_detail_required,https://www.moccae.gov.ae/en/services/registration-of-pesticides,Obtain current local-language/legal confirmation
MEA-003,Sectoral chemical risk-assessment and registration systems,B,official_framework_registered_local_detail_required,https://www.gov.il/en/departments/topics/hazardous_materials/govil-landing-page,Obtain current local-language/legal confirmation
MEA-004,GCC/GSO standards and national product-registration systems,C,international_or_sector_pathway_local_verification_required,https://www.gso.org.sa/en/,Obtain current local-language/legal confirmation
XCT-001,ECHA IR&CSA Chapter R.16 - Environmental exposure assessment,A,implementation_note_curated_source_deep_read_pending,https://echa.europa.eu/guidance-documents/guidance-on-information-requirements-and-chemical-safety-assessment,Complete source-level deep reading and record detailed requirements
XCT-002,ECHA IR&CSA Chapter R.11 and EU hazard guidance,A,implementation_note_curated_source_deep_read_pending,https://echa.europa.eu/guidance-documents/guidance-on-information-requirements-and-chemical-safety-assessment,Complete source-level deep reading and record detailed requirements
XCT-003,OECD Conceptual Framework and endocrine-disruptor test guidance,A,implementation_note_curated_source_deep_read_pending,https://www.oecd.org/en/topics/sub-issues/testing-of-chemicals/endocrine-disrupter-testing-and-assessment.html,Complete source-level deep reading and record detailed requirements
XCT-004,OECD work on safety of manufactured nanomaterials,A,implementation_note_curated_source_deep_read_pending,https://www.oecd.org/en/topics/sub-issues/safety-of-manufactured-nanomaterials.html,Complete source-level deep reading and record detailed requirements
XCT-005,Guidelines for Ecological Risk Assessment,A,official_source_reviewed,https://www.epa.gov/risk/guidelines-ecological-risk-assessment,Encode and validate ruleset
XCT-006,Guidelines for Carcinogen Risk Assessment,A,official_source_registered_source_deep_read_pending,https://www.epa.gov/risk/guidelines-carcinogen-risk-assessment,Complete source-level deep reading and record detailed requirements
XCT-007,Exposure Factors Handbook and exposure tools,A,implementation_note_curated_source_deep_read_pending,https://www.epa.gov/expobox/about-exposure-factors-handbook,Complete source-level deep reading and record detailed requirements
XCT-008,EU and OECD approaches to new approach methodologies (NAMs),A,implementation_note_curated_source_deep_read_pending,https://echa.europa.eu/support/registration/how-to-avoid-unnecessary-testing-on-animals,Complete source-level deep reading and record detailed requirements
XCT-009,OECD Principles of GLP and compliance monitoring,A,implementation_note_curated_source_deep_read_pending,https://www.oecd.org/en/topics/sub-issues/good-laboratory-practice-and-compliance-monitoring.html,Complete source-level deep reading and record detailed requirements
XCT-010,"OECD guidance on data quality, reporting and integrated approaches",A,implementation_note_curated_source_deep_read_pending,https://www.oecd.org/en/topics/sub-issues/assessment-of-chemicals.html,Complete source-level deep reading and record detailed requirements
